func,start,end,is_cold,container_id,provider.request_id,blob.upload,blob.download,request_id,rep
process,1765747664.143729,1765747664.143746,False,c1359898b4fe,9f28b7c0,0,0,9f28b7c0,0
process,1765747664.141557,1765747664.141582,False,c1359898b4fe,9f28b7c0,0,0,9f28b7c0,0
process,1765747664.136148,1765747664.136173,False,c1359898b4fe,9f28b7c0,0,0,9f28b7c0,0
process,1765747664.126044,1765747664.126068,False,c1359898b4fe,9f28b7c0,0,0,9f28b7c0,0
process,1765747664.129636,1765747664.129651,False,c1359898b4fe,9f28b7c0,0,0,9f28b7c0,0
process,1765747664.13179,1765747664.131804,False,c1359898b4fe,9f28b7c0,0,0,9f28b7c0,0
process,1765747664.133686,1765747664.133701,False,c1359898b4fe,9f28b7c0,0,0,9f28b7c0,0
process,1765747664.138938,1765747664.138953,False,c1359898b4fe,9f28b7c0,0,0,9f28b7c0,0
gen,1765747664.092395,1765747664.092421,False,4d70bed1abfe,9f28b7c0,0,0,9f28b7c0,0
