func,start,end,is_cold,container_id,provider.request_id,blob.upload,blob.download,request_id,rep
process_astros,1767807759.496729,1767807759.496746,False,242064b010bb,64ea8b9d,0,0,64ea8b9d,0
get_astros,1767807755.751181,1767807759.31053,False,aa63d8a3dc01,64ea8b9d,0,0,64ea8b9d,0
many_people,1767807759.382087,1767807759.382103,False,bdd11f6cfcf6,64ea8b9d,0,0,64ea8b9d,0
