func,start,end,is_cold,container_id,provider.request_id,blob.upload,blob.download,request_id,rep
map_astros,1765748134.354224,1765748134.354254,False,5aa2bf260f08,4460a6b8,0,0,4460a6b8,0
map_astros,1765748134.328433,1765748134.328455,False,5aa2bf260f08,4460a6b8,0,0,4460a6b8,0
map_astros,1765748134.343733,1765748134.343765,False,5aa2bf260f08,4460a6b8,0,0,4460a6b8,0
map_astros,1765748134.332384,1765748134.332417,False,5aa2bf260f08,4460a6b8,0,0,4460a6b8,0
map_astros,1765748134.350819,1765748134.35085,False,5aa2bf260f08,4460a6b8,0,0,4460a6b8,0
map_astros,1765748134.336082,1765748134.336113,False,5aa2bf260f08,4460a6b8,0,0,4460a6b8,0
process_astros,1765748135.419784,1765748135.419843,False,5c4ed0b239b9,4460a6b8,0,0,4460a6b8,0
map_astros,1765748135.407162,1765748135.407214,False,5aa2bf260f08,4460a6b8,0,0,4460a6b8,0
get_astros,1765748133.951551,1765748134.3044,False,a8eea933c3b9,4460a6b8,0,0,4460a6b8,0
map_astros,1765748134.35759,1765748134.35763,False,5aa2bf260f08,4460a6b8,0,0,4460a6b8,0
many_people,1765748134.315323,1765748134.315371,False,d7e1c83e01e7,4460a6b8,0,0,4460a6b8,0
map_astros,1765748134.347346,1765748134.347378,False,5aa2bf260f08,4460a6b8,0,0,4460a6b8,0
map_astros,1765748134.324549,1765748134.324576,False,5aa2bf260f08,4460a6b8,0,0,4460a6b8,0
map_astros,1765748134.361045,1765748134.361076,False,5aa2bf260f08,4460a6b8,0,0,4460a6b8,0
map_astros,1765748134.339969,1765748134.339993,False,5aa2bf260f08,4460a6b8,0,0,4460a6b8,0
