func,start,end,is_cold,container_id,provider.request_id,blob.upload,blob.download,request_id,rep
reencode,1765747815.673114,1765747816.138713,False,c0eeb709dd78,55c1b086,0,55320350,55c1b086,0
reencode,1765747815.09418,1765747815.669897,False,c0eeb709dd78,55c1b086,0,42806402,55c1b086,0
rebase,1765747816.2347,1765747816.765206,False,762c3ef9fc1d,55c1b086,0,24585228,55c1b086,0
encode,1765747810.208044,1765747812.434979,False,b9794f24732a,55c1b086,0,39678856,55c1b086,0
rebase,1765747817.294315,1765747817.774332,False,762c3ef9fc1d,55c1b086,0,49348109,55c1b086,0
split,1765747808.178205,1765747808.178237,False,ee0abb69372f,55c1b086,0,0,55c1b086,0
reencode,1765747814.463546,1765747815.091485,False,c0eeb709dd78,55c1b086,0,27515255,55c1b086,0
rebase,1765747816.769762,1765747817.290442,False,762c3ef9fc1d,55c1b086,0,37002777,55c1b086,0
encode,1765747812.4392,1765747814.360625,False,b9794f24732a,55c1b086,0,53688436,55c1b086,0
encode,1765747808.281911,1765747810.204151,False,b9794f24732a,55c1b086,0,23088628,55c1b086,0
