func,start,end,is_cold,container_id,provider.request_id,blob.upload,blob.download,request_id,rep
process,1765747717.312196,1765747717.315331,False,e4d1911fe02a,acf04ece,0,10,acf04ece,0
process,1765747717.329192,1765747717.330548,False,e4d1911fe02a,acf04ece,0,50,acf04ece,0
process,1765747717.322696,1765747717.323698,False,e4d1911fe02a,acf04ece,0,30,acf04ece,0
process,1765747717.326168,1765747717.32726,False,e4d1911fe02a,acf04ece,0,40,acf04ece,0
process,1765747717.318985,1765747717.319929,False,e4d1911fe02a,acf04ece,0,20,acf04ece,0
generate,1765747717.197459,1765747717.197475,False,3ca6c483a8fd,acf04ece,0,0,acf04ece,0
