func,start,end,is_cold,container_id,provider.request_id,blob.upload,blob.download,request_id,rep
analyse,1765747762.429102,1765747763.720146,False,3522a8327935,adf53a22,0,127875949,adf53a22,0
decode,1765747761.878056,1765747762.267019,False,538e1395f46c,adf53a22,0,1258844,adf53a22,0
summarize,1765747763.755012,1765747763.75504,False,b5931fa654fb,adf53a22,0,0,adf53a22,0
