func,start,end,is_cold,container_id,provider.request_id,blob.upload,blob.download,request_id,rep
sifting,1767807876.686747,1767807877.226287,False,db9ff909d2b3,9f32c850,0,267806263,9f32c850,0
individuals_merge,1767807877.313827,1767807878.402442,False,86874c18a723,9f32c850,0,312614,9f32c850,0
