func,start,end,is_cold,container_id,provider.request_id,blob.upload,blob.download,request_id,rep
generate,1765747700.97717,1765747700.977188,False,320acc55d242,47737366,0,0,47737366,0
process,1765747701.01707,1765747703.019128,False,640d6a710572,47737366,0,0,47737366,0
process,1765747703.024391,1765747705.025678,False,640d6a710572,47737366,0,0,47737366,0
