func,start,end,is_cold,container_id,provider.request_id,blob.upload,blob.download,request_id,rep
generate,1767808407.789139,1767808407.789153,False,6afde6a7f512,77f89ce3,0,0,77f89ce3,0
process,1767808407.898752,1767808407.899614,False,78336b62f860,77f89ce3,0,50,77f89ce3,0
process,1767808407.887955,1767808407.889048,False,78336b62f860,77f89ce3,0,20,77f89ce3,0
process,1767808407.895273,1767808407.896161,False,78336b62f860,77f89ce3,0,40,77f89ce3,0
process,1767808407.891864,1767808407.892736,False,78336b62f860,77f89ce3,0,30,77f89ce3,0
process,1767808407.88167,1767808407.884182,False,78336b62f860,77f89ce3,0,10,77f89ce3,0
