func,start,end,is_cold,container_id,provider.request_id,blob.upload,blob.download,request_id,rep
reserve_rental,1765747687.98063,1765747687.9935,False,74204aa51c51,dd46e1af,0,0,dd46e1af,0
confirm,1765747688.208023,1765747688.224673,False,bf1e5dc4e095,dd46e1af,0,0,dd46e1af,0
reserve_hotel,1765747687.861356,1765747687.865317,False,a42e4157c8e8,dd46e1af,0,0,dd46e1af,0
reserve_flight,1765747688.099512,1765747688.10294,False,6aa1001caa28,dd46e1af,0,0,dd46e1af,0
